{"v":"5.4.2","fr":29.9700012207031,"ip":0,"op":23.0000009368092,"w":120,"h":120,"nm":"black-warning","ddd":0,"assets":[],"layers":[{"ddd":0,"ind":1,"ty":4,"nm":"small  ","sr":1,"ks":{"o":{"a":0,"k":100,"ix":11},"r":{"a":1,"k":[{"i":{"x":[0.833],"y":[0.833]},"o":{"x":[0.167],"y":[0.167]},"n":["0p833_0p833_0p167_0p167"],"t":0,"s":[-90],"e":[-180]},{"t":15.0000006109625}],"ix":10},"p":{"a":0,"k":[60,60,0],"ix":2},"a":{"a":0,"k":[6.808,3.603,0],"ix":1},"s":{"a":0,"k":[78.548,78.548,100],"ix":6}},"ao":0,"shapes":[{"ty":"gr","it":[{"d":2,"ty":"el","s":{"a":0,"k":[93.23,93.23],"ix":2},"p":{"a":0,"k":[6,2],"ix":3},"nm":"Ellipse Path 1","mn":"ADBE Vector Shape - Ellipse","hd":false},{"ty":"tm","s":{"a":0,"k":50,"ix":1},"e":{"a":1,"k":[{"i":{"x":[0.833],"y":[0.833]},"o":{"x":[0.167],"y":[0.167]},"n":["0p833_0p833_0p167_0p167"],"t":0,"s":[100],"e":[50]},{"t":16.0000006516934}],"ix":2},"o":{"a":0,"k":0,"ix":3},"m":1,"ix":2,"nm":"Trim Paths 1","mn":"ADBE Vector Filter - Trim","hd":false},{"ty":"st","c":{"a":0,"k":[0.258823529412,0.243137254902,0.235294117647,1],"ix":3},"o":{"a":0,"k":100,"ix":4},"w":{"a":0,"k":11,"ix":5},"lc":2,"lj":2,"nm":"Stroke 1","mn":"ADBE Vector Graphic - Stroke","hd":false},{"ty":"tr","p":{"a":0,"k":[0.5,1.5],"ix":2},"a":{"a":0,"k":[0,0],"ix":1},"s":{"a":0,"k":[105.13,105.13],"ix":3},"r":{"a":0,"k":-2520,"ix":6},"o":{"a":0,"k":100,"ix":7},"sk":{"a":0,"k":0,"ix":4},"sa":{"a":0,"k":0,"ix":5},"nm":"Transform"}],"nm":"Ellipse 1","np":4,"cix":2,"ix":1,"mn":"ADBE Vector Group","hd":false}],"ip":0,"op":300.00001221925,"st":0,"bm":0},{"ddd":0,"ind":2,"ty":4,"nm":"small ring 2","sr":1,"ks":{"o":{"a":0,"k":100,"ix":11},"r":{"a":1,"k":[{"i":{"x":[0.833],"y":[0.833]},"o":{"x":[0.167],"y":[0.167]},"n":["0p833_0p833_0p167_0p167"],"t":0,"s":[90],"e":[0]},{"t":22.0000008960784}],"ix":10},"p":{"a":0,"k":[60,60,0],"ix":2},"a":{"a":0,"k":[6.808,3.603,0],"ix":1},"s":{"a":0,"k":[78.548,78.548,100],"ix":6}},"ao":0,"shapes":[{"ty":"gr","it":[{"d":2,"ty":"el","s":{"a":0,"k":[93.23,93.23],"ix":2},"p":{"a":0,"k":[6,2],"ix":3},"nm":"Ellipse Path 1","mn":"ADBE Vector Shape - Ellipse","hd":false},{"ty":"tm","s":{"a":0,"k":50,"ix":1},"e":{"a":1,"k":[{"i":{"x":[0.833],"y":[0.833]},"o":{"x":[0.167],"y":[0.167]},"n":["0p833_0p833_0p167_0p167"],"t":0,"s":[100],"e":[50.1]},{"t":22.0000008960784}],"ix":2},"o":{"a":0,"k":0,"ix":3},"m":1,"ix":2,"nm":"Trim Paths 1","mn":"ADBE Vector Filter - Trim","hd":false},{"ty":"st","c":{"a":0,"k":[0.258823529412,0.243137254902,0.235294117647,1],"ix":3},"o":{"a":0,"k":100,"ix":4},"w":{"a":0,"k":11,"ix":5},"lc":2,"lj":2,"nm":"Stroke 1","mn":"ADBE Vector Graphic - Stroke","hd":false},{"ty":"tr","p":{"a":0,"k":[0.5,1.5],"ix":2},"a":{"a":0,"k":[0,0],"ix":1},"s":{"a":0,"k":[105.13,105.13],"ix":3},"r":{"a":0,"k":0,"ix":6},"o":{"a":0,"k":100,"ix":7},"sk":{"a":0,"k":0,"ix":4},"sa":{"a":0,"k":0,"ix":5},"nm":"Transform"}],"nm":"Ellipse 1","np":4,"cix":2,"ix":1,"mn":"ADBE Vector Group","hd":false}],"ip":0,"op":300.00001221925,"st":0,"bm":0},{"ddd":0,"ind":3,"ty":4,"nm":"line","sr":1,"ks":{"o":{"a":0,"k":100,"ix":11},"r":{"a":0,"k":0,"ix":10},"p":{"a":0,"k":[60,58,0],"ix":2},"a":{"a":0,"k":[0,0,0],"ix":1},"s":{"a":0,"k":[82,82,100],"ix":6}},"ao":0,"shapes":[{"ty":"gr","it":[{"ind":0,"ty":"sh","ix":1,"ks":{"a":0,"k":{"i":[[0,0],[0,0]],"o":[[0,0],[0,0]],"v":[[0.25,-40.75],[0.25,25.25]],"c":false},"ix":2},"nm":"Path 1","mn":"ADBE Vector Shape - Group","hd":false},{"ty":"st","c":{"a":0,"k":[0.258823529412,0.243137269862,0.235294132607,1],"ix":3},"o":{"a":0,"k":100,"ix":4},"w":{"a":0,"k":10,"ix":5},"lc":2,"lj":3,"nm":"Stroke 1","mn":"ADBE Vector Graphic - Stroke","hd":false},{"ty":"tr","p":{"a":0,"k":[0,0],"ix":2},"a":{"a":0,"k":[0,0],"ix":1},"s":{"a":0,"k":[100,100],"ix":3},"r":{"a":0,"k":0,"ix":6},"o":{"a":0,"k":100,"ix":7},"sk":{"a":0,"k":0,"ix":4},"sa":{"a":0,"k":0,"ix":5},"nm":"Transform"}],"nm":"Shape 1","np":3,"cix":2,"ix":1,"mn":"ADBE Vector Group","hd":false},{"ty":"tm","s":{"a":0,"k":0,"ix":1},"e":{"a":1,"k":[{"i":{"x":[0.667],"y":[1]},"o":{"x":[0.333],"y":[0]},"n":["0p667_1_0p333_0"],"t":15,"s":[0],"e":[100]},{"t":21.0000008553475}],"ix":2},"o":{"a":0,"k":0,"ix":3},"m":1,"ix":2,"nm":"Trim Paths 1","mn":"ADBE Vector Filter - Trim","hd":false}],"ip":15.0000006109625,"op":315.000012830213,"st":15.0000006109625,"bm":0},{"ddd":0,"ind":4,"ty":4,"nm":"big ring","sr":1,"ks":{"o":{"a":0,"k":100,"ix":11},"r":{"a":0,"k":0,"ix":10,"x":"var $bm_rt;\n$bm_rt = transform.rotation;"},"p":{"a":0,"k":[60,60,0],"ix":2},"a":{"a":0,"k":[2.009,9.835,0],"ix":1},"s":{"a":0,"k":[118.698,118.698,100],"ix":6}},"ao":0,"shapes":[{"ty":"gr","it":[{"d":2,"ty":"el","s":{"a":0,"k":[93.23,93.23],"ix":2},"p":{"a":0,"k":[6,2],"ix":3},"nm":"Ellipse Path 1","mn":"ADBE Vector Shape - Ellipse","hd":false},{"ty":"st","c":{"a":0,"k":[0.258823529412,0.243137254902,0.235294117647,1],"ix":3},"o":{"a":0,"k":100,"ix":4},"w":{"a":0,"k":8,"ix":5},"lc":2,"lj":1,"ml":4,"ml2":{"a":0,"k":4,"ix":8},"nm":"Stroke 1","mn":"ADBE Vector Graphic - Stroke","hd":false},{"ty":"tr","p":{"a":0,"k":[-3.842,7.884],"ix":2},"a":{"a":0,"k":[0,0],"ix":1},"s":{"a":0,"k":[97.52,97.52],"ix":3},"r":{"a":0,"k":0,"ix":6},"o":{"a":0,"k":100,"ix":7},"sk":{"a":0,"k":0,"ix":4},"sa":{"a":0,"k":0,"ix":5},"nm":"Transform"}],"nm":"Ellipse 1","np":3,"cix":2,"ix":1,"mn":"ADBE Vector Group","hd":false}],"ip":0,"op":300.00001221925,"st":0,"bm":0}],"markers":[]}